,Title,Price,Rating,Seller,URLs
0,AMD Ryzen 5 7600X - 6-Core 4.7 GHz - Socket AM5 - 105W Desktop Processor (100-100000593WOF),$299.00 ,4.9,Sold & Shipped by Newegg,https://www.newegg.com/amd-ryzen-5-7600x-ryzen-5-7000-series/p/N82E16819113770?Item=N82E16819113770
1,Intel Core i7-12700K - Core i7 12th Gen Alder Lake 12-Core (8P+4E) 3.6 GHz LGA 1700 125W Intel UHD Graphics 770 Desktop Processor - BX8071512700K,$323.88 ,4.9,Sold & Shipped by Newegg,https://www.newegg.com/intel-core-i7-12700k-core-i7-12th-gen/p/N82E16819118343?Item=N82E16819118343
2,AMD Ryzen 7 5800X3D - Ryzen 7 5000 Series 8-Core 3.4 GHz Socket AM4 105W Desktop Processor - 100-100000651WOF,$369.98 ,4.9,,https://www.newegg.com/amd-ryzen-7-5800x3d-ryzen-7-5000-series/p/N82E16819113734?Item=N82E16819113734
3,Intel Core i9-13900K - Core i9 13th Gen Raptor Lake 24-Core (8P+16E) P-core Base Frequency: 3.0 GHz E-core Base Frequency: 2.2 GHz LGA 1700 125W Intel UHD Graphics 770 Desktop Processor - BX8071513900,$623.43 ,4.9,Sold & Shipped by Newegg,https://www.newegg.com/intel-core-i9-13900k-core-i9-13th-gen/p/N82E16819118412?Item=N82E16819118412
4,AMD Ryzen 9 7900X - 12-Core 4.7 GHz - Socket AM5 - 170W Desktop Processor (100-100000589WOF),$474.00 ,4.9,Sold & Shipped by Newegg,https://www.newegg.com/amd-ryzen-9-7900x-ryzen-9-7000-series/p/N82E16819113769?Item=N82E16819113769
5,Intel Core i7-13700K - Core i7 13th Gen Raptor Lake 16-Core (8P+8E) P-core Base Frequency: 3.4 GHz E-core Base Frequency: 2.5 GHz LGA 1700 125W Intel UHD Graphics 770 Desktop Processor - BX8071513700K,$429.97 ,4.9,Sold & Shipped by Newegg,https://www.newegg.com/intel-core-i7-13700k-core-i7-13th-gen/p/N82E16819118414?Item=N82E16819118414
6,AMD Ryzen 5 5600G - Ryzen 5 5000 G-Series Cezanne (Zen 3) 6-Core 3.9 GHz Socket AM4 65W AMD Radeon Graphics Desktop Processor - 100-100000252BOX,$127.98 ,4.8,Sold & Shipped by Newegg,https://www.newegg.com/amd-ryzen-5-5600g-ryzen-5-5000-g-series/p/N82E16819113683?Item=N82E16819113683
7,Intel Core i9-12900K - Core i9 12th Gen Alder Lake 16-Core (8P+8E) 3.2 GHz LGA 1700 125W Intel UHD Graphics 770 Desktop Processor - BX8071512900K,$426.53 ,4.8,Sold & Shipped by Newegg,https://www.newegg.com/intel-core-i9-12900k-core-i9-12th-gen/p/N82E16819118339?Item=N82E16819118339
8,AMD Ryzen 7 7700X - 8-Core 4.5 GHz - Socket AM5 - 105W Desktop Processor (100-100000591WOF),$347.99 ,4.9,,https://www.newegg.com/amd-ryzen-7-7700x-ryzen-7-7000-series/p/N82E16819113768?Item=N82E16819113768
9,Intel Core i9-11900K - Core i9 11th Gen Rocket Lake 8-Core 3.5 GHz LGA 1200 125W Intel UHD Graphics 750 Desktop Processor - BX8070811900K,$349.98 ,4.8,Sold & Shipped by Newegg,https://www.newegg.com/intel-core-i9-11900k-core-i9-11th-gen/p/N82E16819118231?Item=N82E16819118231
10,AMD Ryzen 5 3rd Gen - RYZEN 5 3600 Matisse (Zen 2) 6-Core 3.6 GHz (4.2 GHz Max Boost) Socket AM4 65W 100-100000031BOX Desktop Processor,$114.99 ,4.7,Sold & Shipped by Newegg,https://www.newegg.com/amd-ryzen-5-3600/p/N82E16819113569?Item=N82E16819113569
11,Intel Core i5-12600K - Core i5 12th Gen Alder Lake 10-Core (6P+4E) 3.7 GHz LGA 1700 125W Intel UHD Graphics 770 Desktop Processor - BX8071512600K,$251.29 ,4.9,,https://www.newegg.com/intel-core-i5-12600k-core-i5-12th-gen/p/N82E16819118347?Item=N82E16819118347
12,AMD Ryzen 5 5500 - Ryzen 5 5000 Series 6-Core Socket AM4 65W Desktop Processor - 100-100000457BOX,$98.98 ,4.8,Sold & Shipped by Newegg,https://www.newegg.com/amd-ryzen-5-5500-ryzen-5-5000-series/p/N82E16819113737?Item=N82E16819113737
13,Intel Core i3-12100 - Core i3 12th Gen Alder Lake Quad-Core 3.3 GHz LGA 1700 Processor 60W Intel UHD Graphics 730 Desktop Processor - BX8071512100,$129.99 ,4.9,,https://www.newegg.com/intel-core-i3-12100-core-i3-12th-gen/p/N82E16819118370?Item=N82E16819118370
14,AMD Ryzen 5 4600G - Ryzen 5 4000 G-Series Renoir (Zen 2) 6-Core 3.7 GHz Socket AM4 65W AMD Radeon Graphics Desktop Processor - 100-100000147BOX,$100.99 ,4.9,Sold & Shipped by Newegg,https://www.newegg.com/amd-ryzen-5-4600g-ryzen-5-4000-g-series/p/N82E16819113744?Item=N82E16819113744
15,Intel Core i7-13700KF - Core i7 13th Gen Raptor Lake 16-Core (8P+8E) P-core Base Frequency: 3.4 GHz E-core Base Frequency: 2.5 GHz LGA 1700 125W Desktop Processor - BX8071513700KF,$397.98 ,4.9,Sold & Shipped by Newegg,https://www.newegg.com/intel-core-i7-13700kf-core-i7-13th-gen/p/N82E16819118415?Item=N82E16819118415
16,AMD Ryzen 5 5600X - Ryzen 5 5000 Series Vermeer (Zen 3) 6-Core 3.7 GHz Socket AM4 65W Desktop Processor - 100-100000065BOX,$169.99 ,4.8,,https://www.newegg.com/amd-ryzen-5-5600x/p/N82E16819113666?Item=N82E16819113666
17,Intel Core i7-11700K - Core i7 11th Gen Rocket Lake 8-Core 3.6 GHz LGA 1200 125W Intel UHD Graphics 750 Desktop Processor - BX8070811700K,$295.99 ,4.8,Sold & Shipped by Newegg,https://www.newegg.com/intel-core-i7-11700k-core-i7-11th-gen/p/N82E16819118233?Item=N82E16819118233
18,AMD Ryzen 9 5900X - Ryzen 9 5000 Series Vermeer (Zen 3) 12-Core 3.7 GHz Socket AM4 105W Desktop Processor - 100-100000061WOF,$347.49 ,4.8,,https://www.newegg.com/amd-ryzen-9-5900x/p/N82E16819113664?Item=N82E16819113664
19,Intel Core i5-13600K - Core i5 13th Gen Raptor Lake 14-Core (6P+8E) 3.5 GHz LGA 1700 125W Intel UHD Graphics 770 Desktop Processor - BX8071513600K,$319.98 ,4.9,Sold & Shipped by Newegg,https://www.newegg.com/intel-core-i5-13600k-core-i5-13th-gen/p/N82E16819118416?Item=N82E16819118416
20,AMD Ryzen 5 5600 - Ryzen 5 5000 Series Vermeer (Zen 3) 6-Core 3.5 GHz Socket AM4 65W Desktop Processor - 100-100000927BOX,$136.99 ,4.8,,https://www.newegg.com/amd-ryzen-5-5600-ryzen-5-5000-series/p/N82E16819113736?Item=N82E16819113736
21,Intel Core i5-12400 - Core i5 12th Gen Alder Lake 6-Core 2.5 GHz LGA 1700 65W Intel UHD Graphics 730 Desktop Processor - BX8071512400,$189.98 ,4.8,,https://www.newegg.com/intel-core-i5-12400f-core-i5-12th-gen/p/N82E16819118358?Item=N82E16819118358
22,AMD Ryzen 7 5700X - Ryzen 7 5000 Series 8-Core 3.4 GHz Socket AM4 65W Desktop Processor - 100-100000926WOF,$209.00 ,4.6,Sold & Shipped by Newegg,https://www.newegg.com/amd-ryzen-7-5700x-ryzen-7-5000-series/p/N82E16819113735?Item=N82E16819113735
23,Intel Core i3-12100F - Core i3 12th Gen Alder Lake Quad-Core 3.3 GHz LGA 1700 58W Desktop Processor - BX8071512100F,$108.99 ,5,,https://www.newegg.com/intel-core-i3-12100f-core-i3-12th-gen/p/N82E16819118357?Item=N82E16819118357
24,AMD Ryzen 5 4500 - Ryzen 5 4000 Series 6-Core Socket AM4 65W Desktop Processor - 100-100000644BOX,$78.99 ,4.7,Sold & Shipped by Newegg,https://www.newegg.com/amd-ryzen-5-4500-ryzen-5-4000/p/N82E16819113738?Item=N82E16819113738
25,Intel Core i9-12900KS - Core i9 12th Gen Alder Lake 16-Core (8P+8E) 3.4 GHz LGA 1700 150W Intel UHD Graphics 770 Desktop Processor - BX8071512900KS,$524.99 ,4.7,,https://www.newegg.com/intel-core-i9-12900ks-core-i9-12th-gen/p/N82E16819118392?Item=N82E16819118392
26,AMD Ryzen 7 5700G - Ryzen 7 5000 G-Series Cezanne (Zen 3) 8-Core 3.8 GHz Socket AM4 65W AMD Radeon Graphics Desktop Processor - 100-100000263BOX,$195.00 ,4.8,,https://www.newegg.com/amd-ryzen-7-5700g-ryzen-7-5000-g-series/p/N82E16819113682?Item=N82E16819113682
27,Intel Core i5-11400 - Core i5 11th Gen Rocket Lake 6-Core 2.6 GHz LGA 1200 65W Intel UHD Graphics 730 Desktop Processor - BX8070811400,$149.99 ,4.8,,https://www.newegg.com/intel-core-i5-11400-core-i5-11th-gen/p/N82E16819118241?Item=N82E16819118241
28,AMD Ryzen Threadripper PRO 5965WX - Ryzen Threadripper PRO Chagall PRO (Zen 3) 24-Core 3.8 GHz Socket sWRX8 280W Desktop Processor - 100-100000446WOF,"$2,399.00 ",,,https://www.newegg.com/amd-ryzen-threadripper-pro-5965wx/p/N82E16819113765?Item=N82E16819113765
29,Intel Core i5-12600KF - Core i5 12th Gen Alder Lake 10-Core (6P+4E) 3.7 GHz LGA 1700 125W Desktop Processor - BX8071512600KF,$228.99 ,4.7,Sold & Shipped by Newegg,https://www.newegg.com/intel-core-i5-12600kf-core-i5-12th-gen/p/N82E16819118349?Item=N82E16819118349
30,AMD Ryzen Threadripper PRO 5955WX - Chagall PRO (Zen 3) 16-Core 4.0 GHz Socket sWRX8 280W Desktop Processor - 100-100000447WOF,"$1,299.99 ",,,https://www.newegg.com/amd-ryzen-threadripper-pro-5955wx/p/N82E16819113776?Item=N82E16819113776
31,Intel Core i5-13600KF - Core i5 13th Gen Raptor Lake 14-Core (6P+8E) 3.5 GHz LGA 1700 125W Desktop Processor - BX8071513600KF,$308.78 ,4.9,Sold & Shipped by Newegg,https://www.newegg.com/intel-core-i5-13600kf-core-i5-13th-gen/p/N82E16819118417?Item=N82E16819118417
32,AMD Ryzen 9 7950X - 16-Core 4.5 GHz - Socket AM5 - 170W Desktop Processor (100-100000514WOF),$573.98 ,4.9,,https://www.newegg.com/amd-ryzen-9-7950x-ryzen-9-7000-series/p/N82E16819113771?Item=N82E16819113771
33,Intel Core i5-12400F - Core i5 12th Gen Alder Lake 6-Core 2.5 GHz LGA 1700 65W Desktop Processor - BX8071512400F,$172.99 ,4.9,Sold & Shipped by Newegg,https://www.newegg.com/intel-core-i5-12400f-core-i5-12th-gen/p/N82E16819118360?Item=N82E16819118360
34,AMD Ryzen Threadripper PRO 5975WX - Ryzen Threadripper PRO Chagall PRO (Zen 3) 32-Core 3.6 GHz Socket sWRX8 280W Desktop Processor - 100-100000445WOF,"$3,299.00 ",,Sold & Shipped by Newegg,https://www.newegg.com/amd-ryzen-threadripper-pro-5975wx/p/N82E16819113764?Item=N82E16819113764
35,Intel Core i9-13900KF - Core i9 13th Gen Raptor Lake 24-Core (8P+16E) P-core Base Frequency: 3.0 GHz E-core Base Frequency: 2.2 GHz LGA 1700 125W Desktop Processor - BX8071513900KF,$574.00 ,4.9,,https://www.newegg.com/intel-core-i9-13900k-core-i9-13th-gen/p/N82E16819118413?Item=N82E16819118413
36,Open Box: AMD Ryzen 5 5600G - Ryzen 5 5000 G-Series Cezanne (Zen 3) 6-Core 3.9 GHz Socket AM4 65W AMD Radeon Graphics Desktop Processor - 100-000000252,$339.99 –,,Sold & Shipped by Newegg,https://www.newegg.com/amd-ryzen-5-5600g-ryzen-5-5000-g-series/p/N82E16819113684R?Item=N82E16819113684R
37,Intel Core i9-12900KF - Core i9 12th Gen Alder Lake 16-Core (8P+8E) 3.2 GHz LGA 1700 125W Desktop Processor - BX8071512900KF,$414.97 ,4.8,Sold & Shipped by Newegg,https://www.newegg.com/intel-core-i9-12900kf-core-i9-12th-gen/p/N82E16819118341?Item=N82E16819118341
38,Open Box: AMD RYZEN 5 3600X 6-Core 3.8 GHz (4.4 GHz Max Boost) Socket AM4 95W 100-100000022 Desktop Processor – OEM,$230.99 –,,Sold & Shipped by Newegg,https://www.newegg.com/amd-ryzen-5-3600x-ryzen-5-3rd-gen/p/N82E16819113575R?Item=N82E16819113575R
39,Intel Core i7-12700F - Core i7 12th Gen Alder Lake 12-Core (8P+4E) 2.1 GHz LGA 1700 65W Desktop Processor - BX8071512700F,$299.80 ,4.8,Sold & Shipped by Newegg,https://www.newegg.com/intel-core-i7-12700f-core-i7-12th-gen/p/N82E16819118359?Item=N82E16819118359
40,Open Box: AMD EPYC 7313P Milan 3.0 GHz Socket SP3 155W 100-000000339 Server Processor,$974.99 –,,,https://www.newegg.com/amd-epyc-7313p-socket-sp3/p/N82E16819113696R?Item=N82E16819113696R
41,Intel Core i9-10900K - Core i9 10th Gen Comet Lake 10-Core 3.7 GHz LGA 1200 125W Intel UHD Graphics 630 Desktop Processor - BX8070110900K,$339.99 ,4.8,Sold & Shipped by Newegg,https://www.newegg.com/intel-core-i9-10900k-core-i9-10th-gen/p/N82E16819118122?Item=N82E16819118122
42,Intel Core i5-12600 - Core i5 12th Gen Alder Lake 6-Core 3.3 GHz LGA 1700 65W Intel UHD Graphics 770 Desktop Processor - BX8071512600,$260.00 ,4.7,Sold & Shipped by Newegg,https://www.newegg.com/intel-core-i5-12600-core-i5-12th-gen/p/N82E16819118371?Item=N82E16819118371
43,Intel Core i5-10600K - Core i5 10th Gen Comet Lake 6-Core 4.1 GHz LGA 1200 125W Intel UHD Graphics 630 Desktop Processor - BX8070110600K,$195.40 ,4.8,Sold & Shipped by Newegg,https://www.newegg.com/intel-core-i5-10600k-core-i5-10th-gen/p/N82E16819118124?Item=N82E16819118124
44,Intel Core i9-11900KF - Core i9 11th Gen Rocket Lake 8-Core 3.5 GHz LGA 1200 125W Desktop Processor - BX8070811900KF,$319.99 ,4.8,,https://www.newegg.com/intel-core-i9-11900kf-core-i9-11th-gen/p/N82E16819118259?Item=N82E16819118259
45,Intel Core i5-12500 - Core i5 12th Gen Alder Lake 6-Core 3.0 GHz LGA 1700 65W Intel UHD Graphics 770 Desktop Processor - BX8071512500,$230.98 ,4.7,,https://www.newegg.com/intel-core-i5-12500-core-i5-12th-gen/p/N82E16819118374?Item=N82E16819118374
46,Intel Core i9-12900 - Core i9 12th Gen Alder Lake 16-Core (8P+8E) 2.4 GHz LGA 1700 Processor 65W Intel UHD Graphics 770 Desktop Processor - BX8071512900,$519.99 ,4.6,Sold & Shipped by Newegg,https://www.newegg.com/intel-core-i9-12900-core-i9-12th-gen/p/N82E16819118366?Item=N82E16819118366
47,Intel Core i5-11600K - Core i5 11th Gen Rocket Lake 6-Core 3.9 GHz LGA 1200 125W Intel UHD Graphics 750 Desktop Processor - BX8070811600K,$209.98 ,4.8,Sold & Shipped by Newegg,https://www.newegg.com/intel-core-i5-11600k-core-i5-11th-gen/p/N82E16819118235?Item=N82E16819118235
48,Intel Core i3-10100 - Core i3 10th Gen Comet Lake Quad-Core 3.6 GHz LGA 1200 65W Intel UHD Graphics 630 Desktop Processor - BX8070110100,$109.99 ,4.8,Sold & Shipped by Newegg,https://www.newegg.com/intel-core-i3-10100-core-i3-10th-gen/p/N82E16819118138?Item=N82E16819118138
49,Intel Core i5-11600 - Core i5 11th Gen Rocket Lake 6-Core 2.8 GHz LGA 1200 65W Intel UHD Graphics 750 Desktop Processor - BX8070811600,$247.98 ,4.8,Sold & Shipped by Newegg,https://www.newegg.com/intel-core-i5-11600-core-i5-11th-gen/p/N82E16819118238?Item=N82E16819118238
50,Intel Core i7-12700KF - Core i7 12th Gen Alder Lake 12-Core (8P+4E) 3.6 GHz LGA 1700 125W Desktop Processor - BX8071512700KF,$296.98 ,4.9,,https://www.newegg.com/intel-core-i7-12700kf-core-i7-12th-gen/p/N82E16819118345?Item=N82E16819118345
51,Intel Core i3-10105 - Core i3 10th Gen Comet Lake Quad-Core 3.7 GHz LGA 1200 65W Intel UHD Graphics 630 Desktop Processor - BX8070110105,$110.99 ,4.8,Sold & Shipped by Newegg,https://www.newegg.com/intel-core-i3-10105-core-i3-10th-gen/p/N82E16819118248?Item=N82E16819118248
52,Intel Core i7-12700 - Core i7 12th Gen Alder Lake 12-Core (8P+4E) 2.1 GHz LGA 1700 65W Intel UHD Graphics 770 Desktop Processor - BX8071512700,$328.94 ,4.9,Sold & Shipped by Newegg,https://www.newegg.com/intel-core-i7-12700-core-i7-12th-gen/p/N82E16819118368?Item=N82E16819118368
53,Intel Core i7 10th Gen - Core i7-10700K Comet Lake 8-Core 3.8 GHz LGA 1200 125W Desktop Processor w/ Intel UHD Graphics 630,$269.98 ,4.8,,https://www.newegg.com/intel-core-i7-10700k-core-i7-10th-gen/p/N82E16819118123?Item=N82E16819118123
54,Intel Core i9-10850K Comet Lake 10-Core 3.6 GHz LGA 1200 125W  Desktop Processor Intel UHD Graphics 630 - BX8070110850K,$397.99 ,4.8,Sold & Shipped by Newegg,https://www.newegg.com/intel-core-i9-10850k-core-i9-10th-gen/p/N82E16819118175?Item=N82E16819118175
55,Intel Core i3-10100F - Core i3 10th Gen Comet Lake Quad-Core 3.6 GHz LGA 1200 65W Desktop Processor - BX8070110100F,$79.99 ,4.8,,https://www.newegg.com/intel-core-i3-10100f-core-i3-10th-gen/p/N82E16819118223?Item=N82E16819118223
56,Intel Xeon E-2134 Coffee Lake 3.5 GHz LGA 1151 71W BX80684E2134 Server Processor,$291.99 ,5,Sold & Shipped by Newegg,https://www.newegg.com/intel-xeon-e-2134-lga-1151/p/N82E16819118008?Item=N82E16819118008
57,Intel Core i9-11900F - Core i9 11th Gen Rocket Lake 8-Core 2.5 GHz LGA 1200 65W Desktop Processor - BX8070811900F,$429.98 ,4.8,Sold & Shipped by Newegg,https://www.newegg.com/intel-core-i9-11900f-core-i9-11th-gen/p/N82E16819118262?Item=N82E16819118262
58,Intel Core i9-11900 - Core i9 11th Gen Rocket Lake 8-Core 2.5 GHz LGA 1200 65W Intel UHD Graphics 750 Desktop Processor - BX8070811900,$459.99 ,4.8,Sold & Shipped by Newegg,https://www.newegg.com/intel-core-i9-11900-core-i9-11th-gen/p/N82E16819118236?Item=N82E16819118236
59,Intel Core i9-10900F - Core i9 10th Gen Comet Lake 10-Core 2.8 GHz LGA 1200 65W Desktop Processor - BX8070110900F,$405.99 ,4.8,Sold & Shipped by Newegg,https://www.newegg.com/intel-core-i9-10900f-core-i9-10th-gen/p/N82E16819118130?Item=N82E16819118130
60,Intel Core i9-12900F - Core i9 12th Gen Alder Lake 16-Core (8P+8E) 2.4 GHz LGA 1700 Processor 60W Desktop Processor - BX8071512900F,$488.98 ,,,https://www.newegg.com/intel-core-i9-12900f-core-i9-12th-gen/p/N82E16819118373?Item=N82E16819118373
61,Intel Xeon E-2176G Coffee Lake 3.7 GHz LGA 1151 80W BX80684E2176G Server Processor Intel UHD Graphics P630,$412.99 ,5,Sold & Shipped by Newegg,https://www.newegg.com/intel-xeon-e-2176g-lga-1151/p/N82E16819118004?Item=N82E16819118004
62,Intel Xeon E-2336 Rocket Lake 2.9 GHz LGA 1200 65W BX80708E2336 Server Processor,$337.99 ,,Sold & Shipped by Newegg,https://www.newegg.com/intel-xeon-e-2336-lga-1200/p/N82E16819118410?Item=N82E16819118410
63,Xeon W1250 Processor,$287.99 ,,Sold & Shipped by Newegg,https://www.newegg.com/p/1B4-008A-00PJ0?Item=1B4-008A-00PJ0
64,Xeon W1250P Processor,$365.99 –,,Sold & Shipped by Newegg,https://www.newegg.com/p/1B4-008A-00PJ9?Item=1B4-008A-00PJ9
65,"Intel Xeon Silver 4208 8-Core, 16-Thread, 2.1 GHz (3.2 GHz Turbo) LGA 3647 85W BX806954208 Server Processor",$484.99 ,4.3,,https://www.newegg.com/intel-xeon-silver-4208-lga-3647/p/274-000A-00K47?Item=274-000A-00K47
66,Intel Xeon W-1370P Rocket Lake 3.6 GHz 8 Cores / 16 Threads 16MB LGA 1200 Server Processor BX80708W1370P,$482.99 ,,Sold & Shipped by Newegg,https://www.newegg.com/intel-xeon-w-1370p-lga-1200/p/274-000A-01MX3?Item=274-000A-01MX3
67,Intel Xeon E-2146G Coffee Lake 3.5 GHz LGA 1151 80W BX80684E2146G Server Processor Intel UHD Graphics P630,$373.99 ,4,,https://www.newegg.com/intel-xeon-e-2146g-lga-1151/p/N82E16819118005?Item=N82E16819118005
68,Intel Xeon E-2174G Coffee Lake 3.8 GHz LGA 1151 71W BX80684E2174G Server Processor Intel UHD Graphics P630,$385.99 ,5,Sold & Shipped by Newegg,https://www.newegg.com/intel-xeon-e-2174g-lga-1151/p/N82E16819118006?Item=N82E16819118006
69,Intel Core i7-10700 - Core i7 10th Gen Comet Lake 8-Core 2.9 GHz LGA 1200 65W Intel UHD Graphics 630 Desktop Processor - BX8070110700,$256.99 ,4.8,,https://www.newegg.com/intel-core-i7-10700-core-i7-10th-gen/p/N82E16819118126?Item=N82E16819118126
70,Intel Xeon E-2334 Rocket Lake 3.4 GHz LGA 1200 65W BX80708E2334 Server Processor,$299.99 ,,Sold & Shipped by Newegg,https://www.newegg.com/intel-xeon-e-2334-lga-1200/p/N82E16819118389?Item=N82E16819118389
71,Intel E-2226G Coffee Lake 3.4 GHz LGA 1151 80W BX80684E2226G Server Processor,$300.99 ,,Sold & Shipped by Newegg,https://www.newegg.com/intel-e-2226g-lga-1151/p/N82E16819118187?Item=N82E16819118187
72,Intel 3206R Cascade Lake 1.9 GHz LGA 3647 85W BX806953206R Server Processor,$349.99 ,,,https://www.newegg.com/intel-3206r-lga-3647/p/N82E16819118188?Item=N82E16819118188
73,"Intel Xeon Silver 4216 16-Core, 32-Thread, 2.1 GHz (3.2 GHz Turbo) LGA 3647 100W BX806954216 Server Processor","$1,027.99 ",4.3,Sold & Shipped by Newegg,https://www.newegg.com/intel-xeon-silver-4216-lga-3647/p/274-000A-00K45?Item=274-000A-00K45
74,Intel Xeon Bronze 3204 Cascade Lake 1.9 GHz LGA 3647 85W BX806953204 Server Processor,$255.99 ,,,https://www.newegg.com/intel-xeon-bronze-3204-lga-3647/p/274-000A-00K50?Item=274-000A-00K50
75,Intel Xeon W-1370 Rocket Lake Octa-core (8 Core) 2.90 GHz LGA 1200 16MB Cache Server Processor Model BX80708W1370,$415.99 ,,Sold & Shipped by Newegg,https://www.newegg.com/intel-xeon-w-1370-lga-1200/p/274-000A-01MX2?Item=274-000A-01MX2
76,Intel Xeon E-2124 Coffee Lake 3.3 GHz  (4.3 GHz Turbo)  LGA 1151 71W BX80684E2124 Server Processor,$231.99 ,,,https://www.newegg.com/intel-xeon-e-2124-lga-1151/p/N82E16819118009?Item=N82E16819118009
77,Intel Xeon E-2234 3.6 GHz 71W BX80684E2234 Server Processor,$294.99 ,5,,https://www.newegg.com/intel-xeon-e-2234/p/N82E16819118190?Item=N82E16819118190
78,Intel Core i7-11700 - Core i7 11th Gen Rocket Lake 8-Core 2.5 GHz LGA 1200 65W Intel UHD Graphics 750 Desktop Processor - BX8070811700,$287.99 ,4.8,Sold & Shipped by Newegg,https://www.newegg.com/intel-core-i7-11700-core-i7-11th-gen/p/N82E16819118237?Item=N82E16819118237
79,Intel Core i3-10105F - Core i3 10th Gen Comet Lake Quad-Core 3.7 GHz LGA 1200 65W Desktop Processor - BX8070110105F,$79.99 ,4.8,Sold & Shipped by Newegg,https://www.newegg.com/intel-core-i3-10105f-core-i3-10th-gen/p/N82E16819118353?Item=N82E16819118353
80,Intel Xeon W-1350 Rocket Lake 3.3 GHz LGA 1200 80W BX80708W1350 Server Processor,$289.99 ,,Sold & Shipped by Newegg,https://www.newegg.com/intel-xeon-w-1350-lga-1200/p/N82E16819118388?Item=N82E16819118388
81,Intel Xeon W-2223 Cascade Lake 3.6 GHz LGA 2066 120W BX80695W2223 Server Processor,$334.99 ,5,,https://www.newegg.com/intel-xeon-w-2223-lga-2066/p/1B4-008A-00N86?Item=1B4-008A-00N86
82,"Intel Xeon Silver 4210 10-Core, 20-Thread, 2.2 GHz (3.2 GHz Turbo) LGA 3647 85W BX806954210 Server Processor",$576.99 ,5,,https://www.newegg.com/intel-xeon-silver-4210-lga-3647/p/274-000A-00K49?Item=274-000A-00K49
83,Intel Xeon E E-2224G Quad-core 4 Core 3.50 GHz Processor 8 MB Cache 4.70 GHz Overclocking Speed 14 nm Socket H4 LGA-1151 Intel UHD Graphics P630 Graphics 71W 4 Threads BX80684E2224G,$270.99 ,,,https://www.newegg.com/intel-xeon-e-2224g-lga-1151/p/274-000A-01M76?Item=274-000A-01M76
84,Intel Xeon E-2124G Coffee Lake 3.4 GHz LGA 1151 71W BX80684E2124G Server Processor Intel UHD Graphics P630,$270.99 ,5,Sold & Shipped by Newegg,https://www.newegg.com/intel-xeon-e-2124g-lga-1151/p/N82E16819118003?Item=N82E16819118003
85,Intel Xeon E-2136 Coffee Lake 3.3 GHz LGA 1151 80W BX80684E2136 Server Processor,$341.99 ,5,Sold & Shipped by Newegg,https://www.newegg.com/intel-xeon-e-2136-lga-1151/p/N82E16819118007?Item=N82E16819118007
86,Open Box: Intel Core i7-10700F - Core i7 10th Gen Comet Lake 8-Core 2.9 GHz LGA 1200 65W Desktop Processor (ABS Only) - CM8070104282329,$283.99 –,,,https://www.newegg.com/intel-core-i7-10700f-core-i7-10th-gen/p/N82E16819118159R?Item=N82E16819118159R
87,Intel Xeon Silver 4314 Ice Lake 2.4 GHz LGA 4189 135W BX806894314 Server Processor,$796.99 ,5,,https://www.newegg.com/intel-xeon-silver-4314-lga-4189/p/N82E16819118334?Item=N82E16819118334
88,"Intel Xeon Silver 4214 12-Core, 24-Thread, 2.2 GHz (3.2 GHz Turbo) LGA 3647 85W BX806954214 Server Processor",$793.99 ,4.3,,https://www.newegg.com/intel-xeon-silver-4214-lga-3647/p/274-000A-00K38?Item=274-000A-00K38
89,Intel Xeon W-1350P Rocket Lake Hexa-core (6 Core) 4 GHz LGA 1200 12MB Cache Server Processor Model BX80708W1350P,$352.99 ,,,https://www.newegg.com/intel-xeon-w-1350p/p/274-000A-01MX1?Item=274-000A-01MX1
90,Open Box: Intel Core i7-10700K Comet Lake 8-Core 3.8 GHz LGA 1200 125W CM8070104282436 Desktop Processor Intel UHD Graphics 630,$382.99 –,,,https://www.newegg.com/intel-core-i7-10700k-core-i7-10th-gen/p/N82E16819118151R?Item=N82E16819118151R
91,Intel Xeon Silver 4214R 2.4 GHz LGA 3647 BX806954214R Server Processor,$796.99 ,,Sold & Shipped by Newegg,https://www.newegg.com/intel-xeon-silver-4214r-lga-3647/p/N82E16819118189?Item=N82E16819118189
92,Intel 5218 Cascade Lake 2.3 GHz LGA 3647 125W BX806955218R Server Processor,"$1,564.99 ",,Sold & Shipped by Newegg,https://www.newegg.com/intel-5218-lga-3647/p/N82E16819118193?Item=N82E16819118193
93,Open Box: Intel Core i7-11700 Rocket Lake 8-Core 2.5 GHz LGA 1200 65W CM8070804491214 Desktop Processor Intel UHD Graphics 750 (ABS Only),$323.00 –,,Sold & Shipped by Newegg,https://www.newegg.com/intel-core-i7-11700-core-i7-11th-gen/p/N82E16819118269R?Item=N82E16819118269R
94,AMD Ryzen 9 5950X - Ryzen 9 5000 Series Vermeer (Zen 3) 16-Core 3.4 GHz Socket AM4 105W Desktop Processor - 100-100000059WOF,$498.99 ,4.8,,https://www.newegg.com/amd-ryzen-9-5950x/p/N82E16819113663?Item=N82E16819113663
95,AMD Ryzen 7 5800X - Ryzen 7 5000 Series Vermeer (Zen 3) 8-Core 3.8 GHz Socket AM4 105W Desktop Processor - 100-100000063WOF,$237.99 ,4.8,,https://www.newegg.com/amd-ryzen-7-5800x/p/N82E16819113665?Item=N82E16819113665
96,"Dell OptiPlex 3090 Desktop, Intel Core i5-10505 Upto 4.6GHz, 16GB RAM, 512GB SSD, DVDRW, DisplayPort, Windows 11 Pro",$659.99 –,,,https://www.newegg.com/dell-optiplex-3090-student-home-office/p/1VK-0001-67ME5?Item=9SIAA0SJEN5283
97,MSI Gaming Desktop Aegis ZS 5DS-290US Ryzen 5 5000 Series 5600G (3.90GHz) 16GB DDR4 500 GB PCIe SSD AMD Radeon RX 6700 XT Windows 11 Home 64-bit,"$1,145.99 ",,Sold & Shipped by Newegg,https://www.newegg.com/msi-aegis-zs-5ds-290us/p/N82E16883151085?Item=N82E16883151085
98,"Dell Vostro 3888 Desktop, Intel Core i5-10400 Upto 4.3GHz, 16GB RAM, 512GB SSD, DVDRW, HDMI, VGA, Windows 10 Pro",$699.99 –,,,https://www.newegg.com/dell-vostro-3888-student-home-office/p/1VK-0001-64TH7?Item=9SIAA0SJ5U9241
99,Adamant Custom 10-Core 3D Modelling SolidWorks CAD Workstation Desktop Computer Intel Core i9 10850K 3.6Ghz Z590 Prime 128Gb DDR4 1TB NVMe 1800MB/s SSD 4TB HDD RTX A4000 16Gb,"$3,599.99 –",,,https://www.newegg.com/p/1VK-01UA-006Y2?Item=9SIAK3PC5F9238
100,Acer Gaming Desktop Predator Orion 5000 PO5-640-UR11 Intel Core i7 12th Gen 12700F (2.10GHz) 16GB DDR5 2TB HDD 1 TB PCIe SSD NVIDIA GeForce RTX 3080 Windows 11 Home,"$2,604.99 ",,,https://www.newegg.com/acer-po5-640-ur11-predator-orion-5000/p/N82E16883101859?Item=N82E16883101859
101,Yeyian Gaming Desktop Katana X10 Intel Core i5 11th Gen 11400F (2.60GHz) 16GB DDR4 500 GB NVMe SSD NVIDIA GeForce RTX 3060 Ti Windows 11 Home 64-bit,$949.00 –,3.4,Sold & Shipped by Newegg,https://www.newegg.com/yeyian-katana-x10/p/N82E16883630017?Item=N82E16883630017
102,"Dell Optiplex 7090 Desktop Tower,10th Gen Intel Core i7-10700 8-Core Processor,16GB DDR4, 512GB SSD, Intel HD Graphics,Dual Monitor Capable, Windows 10 Pro",$849.00 ,,C & C Tech Products,https://www.newegg.com/dell-optiplex-7090-business-desktops-workstations/p/1VK-0001-64TS6?Item=9SIAE4NJ5X7698
103,MSI Gaming Desktop MPG Trident AS 12TD-030US Intel Core i7 12th Gen 12700F (2.10GHz) 16GB DDR4 1 TB PCIe SSD NVIDIA GeForce RTX 3070 Windows 11 Home 64-bit,"$1,629.99 ",3.8,,https://www.newegg.com/msi-mpg-trident-as-12td-030us/p/N82E16883152973?Item=N82E16883152973
104,"Dell Inspiron 3891 Desktop, 10th Gen Intel Core i5-10400 6-Core Processor,8GB DDR4,256GB SSD Plus 1TB HDD,Intel UHD Graphics,Wifi-AX, Bluetooth 5, USB, HDMI,VGA, Windows 11 Pro",$675.00 –,,C & C Tech Products,https://www.newegg.com/dell-inspiron-3891-business-desktops-workstations/p/1VK-0001-5ZZ38?Item=9SIAE4NHST2324
105,Adamant Custom 16-Core Liquid Cooled Workstation Desktop Computer PC Intel Core i9 12900K 3.2Ghz Z690 AORUS 128Gb DDR4 1TB NVMe SSD 5TB HDD 750W WiFi Bluetooth HDMi/DisplayPort,"$2,499.99 –",,,https://www.newegg.com/p/1VK-01UA-00GU3?Item=9SIAK3PJ0A1436
106,iBUYPOWER Gaming Desktop TraceMR274i Intel Core i5 11th Gen 11400F (2.60GHz) 16GB DDR4 1TB HDD 500 GB SSD NVIDIA GeForce RTX 3060 Windows 11 Home 64-bit,"$1,099.99 –",4.7,,https://www.newegg.com/ibuypower-tracemr274i/p/N82E16883227992?Item=N82E16883227992
107,"Skytech PRISM II Gaming PC Desktop - AMD Ryzen 7 5800X, RTX 3080 10GB GDDR6X, 16GB DDR4 3200, 1TB Gen4 SSD, RGB Fans, AC Wi-Fi, Windows 10 Home 64-bit, Black","$2,613.99 –",4,,https://www.newegg.com/skytech-st-prism2-0282-b-ne-prism-ii/p/N82E16883289215?Item=N82E16883289215
108,HP Desktop Computer Pavilion TP01-2060 Ryzen 7 5000 Series 5700G (3.80GHz) 16GB DDR4 1TB HDD 256 GB PCIe SSD AMD Radeon Graphics Windows 11 Home 64-bit,$769.99 ,,Sold & Shipped by Newegg,https://www.newegg.com/hp-pavilion-tp01-2060-student-home-office/p/N82E16883451103?Item=N82E16883451103
109,iBUYPOWER Gaming Desktop SlateMR293i Intel Core i9 11th Gen 11900KF (3.50GHz) 16GB DDR4 1 TB SSD NVIDIA GeForce RTX 3070 Windows 11 Home 64-bit,"$1,799.99 –",4.1,Sold & Shipped by Newegg,https://www.newegg.com/ibuypower-slatemr293i/p/N82E16883227993?Item=N82E16883227993
110,CyberpowerPC Gaming Desktop Gamer Xtreme GX60130 Intel Core i7 11th Gen 11700F (2.50GHz) 16GB DDR4 500 GB M.2 NVMe SSD NVIDIA GeForce RTX 2060 Windows 11 Home 64-bit,"$1,358.99 –",4,,https://www.newegg.com/cyberpowerpc-gx60130-gamer-xtreme/p/N82E16883230658?Item=N82E16883230658
111,Yeyian Gaming Desktop YPI-SHOX13-01 Intel Core i5 13th Gen 13600KF (3.50GHz) 16GB DDR5 1TB NVMe SSD NVIDIA GeForce RTX 3070 Windows 11 Home,"$1,449.00 –",,Sold & Shipped by Newegg,https://www.newegg.com/yeyian-ypi-shox13-01/p/N82E16883630019?Item=N82E16883630019
112,"Dell OptiPlex 7090 Desktop, Intel Core i7-11700 Upto 4.9GHz, 32GB RAM, 1TB NVMe SSD + 1TB HDD, DVDRW, DisplayPort, Wi-Fi, Bluetooth, Windows 10 Pro","$1,249.99 –",4,Craving Savings,https://www.newegg.com/dell-optiplex-7090-student-home-office/p/1VK-0001-68ZZ4?Item=9SIAA0SJH27222
113,"MSI All-in-One Computer PRO 22XT 10M-459US Intel Core i3 10th Gen 10100 (3.60GHz) 8GB DDR4 256 GB M.2 NVMe SSD 21.5"" Touchscreen Windows 11 Home 64-bit",$739.00 ,3,Sold & Shipped by Newegg,https://www.newegg.com/p/N82E16883152923?Item=N82E16883152923
114,"MSI All-in-One Computer PRO AP241Z 5M-072US Ryzen 7 5000 Series 5700G (3.80GHz) 16GB DDR4 500 GB PCIe SSD 23.8"" Windows 11 Home 64-bit",$929.00 ,,,https://www.newegg.com/p/N82E16883151102?Item=N82E16883151102
115,MSI Business Desktop PRO DP20ZA 5M-058US Ryzen 7 5000 Series 5700G (3.80GHz) 16GB DDR4 250 GB PCIe SSD AMD Radeon Graphics Windows 10 Pro 64-bit,$639.00 ,5,,https://www.newegg.com/p/N82E16883151044?Item=N82E16883151044
116,"MSI All-in-One Computer Modern AM242TP 11M-875US Intel Core i5 11th Gen 1135G7 (2.40GHz) 8GB DDR4 256 GB M.2 NVMe SSD 23.8"" Touchscreen Windows 11 Home 64-bit",$918.99 ,3,,https://www.newegg.com/p/N82E16883152927?Item=N82E16883152927
117,"MSI All-in-One Computer PRO AP241 11M-010US Pentium Gold G6405 (4.10GHz) 4GB DDR4 120 GB M.2 SATA SSD 23.8"" Windows 10 Pro 64-bit",$499.00 ,5,Sold & Shipped by Newegg,https://www.newegg.com/p/N82E16883152876?Item=N82E16883152876
118,"MSI All-in-One Computer PRO AP241 11M-009US Intel Core i3 10th Gen 10105 (3.70GHz) 8GB DDR4 250 GB M.2 NVMe SSD 23.8"" Windows 11 Home 64-bit",,5,Sold & Shipped by Newegg,https://www.newegg.com/p/N82E16883152875?Item=N82E16883152875
119,"MSI All-in-One Computer PRO 22XT 10M-484US Intel Core i3 10th Gen 10100 (3.60GHz) 8GB DDR4 256 GB M.2 NVMe SSD 21.5"" Touchscreen Windows 11 Home 64-bit",$679.00 ,3,,https://www.newegg.com/p/N82E16883152950?Item=N82E16883152950
120,"MSI All-in-One Computer Modern AM242 11M-891US Intel Core i3 11th Gen 1115G4 (3.00GHz) 8GB DDR4 256 GB M.2 NVMe SSD 23.8"" Windows 11 Home 64-bit",$639.00 ,,,https://www.newegg.com/p/N82E16883152928?Item=N82E16883152928
121,"MSI All-in-One Computer Modern AM242P 11M-1070US Intel Core i3 11th Gen 1115G4 (3.00GHz) 8GB DDR4 256 GB M.2 NVMe SSD 23.8"" Windows 11 Home 64-bit",$664.00 ,,Sold & Shipped by Newegg,https://www.newegg.com/p/N82E16883152952?Item=N82E16883152952
122,"MSI All-in-One Computer Modern AM242T 11M-1432US Intel Core i3 11th Gen 1115G4 (3.00GHz) 8GB DDR4 256 GB PCIe SSD 23.8"" Touchscreen Windows 11 Home 64-bit",$715.99 ,,Sold & Shipped by Newegg,https://www.newegg.com/p/N82E16883151052?Item=N82E16883151052
123,"MSI All-in-One Computer Modern AM242 11M-892US Intel Core i3 11th Gen 1115G4 (3.00GHz) 8GB DDR4 256 GB M.2 NVMe SSD 23.8"" Windows 11 Home 64-bit",$702.99 ,,,https://www.newegg.com/p/N82E16883152929?Item=N82E16883152929
124,"MSI All-in-One Computer PRO 22XT 10M-617US Intel Core i3 10th Gen 10100 (3.60GHz) 8GB DDR4 256 GB PCIe SSD 21.5"" Touchscreen Windows 11 Pro 64-bit",$849.00 ,3,,https://www.newegg.com/p/N82E16883152986?Item=N82E16883152986
125,"MSI All-in-One Computer Modern AM242P 11M-1069US Intel Core i3 11th Gen 1115G4 (3.00GHz) 8GB DDR4 256 GB M.2 NVMe SSD 23.8"" Windows 11 Home 64-bit",$664.00 –,,Sold & Shipped by Newegg,https://www.newegg.com/p/N82E16883152951?Item=N82E16883152951
126,"MSI All-in-One Computer Modern AM242T 11M-1431US Intel Core i3 11th Gen 1115G4 (3.00GHz) 8GB DDR4 256 GB PCIe SSD 23.8"" Touchscreen Windows 11 Home 64-bit",$749.99 ,,Sold & Shipped by Newegg,https://www.newegg.com/p/N82E16883151051?Item=N82E16883151051
127,"MSI All-in-One Computer PRO 22XT 10M-623US Intel Core i3 10th Gen 10100 (3.60GHz) 8GB DDR4 256 GB PCIe SSD 21.5"" Touchscreen Windows 11 Home 64-bit",$739.00 ,,Sold & Shipped by Newegg,https://www.newegg.com/p/N82E16883151049?Item=N82E16883151049
128,MSI Business Desktop Creator P50 12TC-091US Intel Core i7 12th Gen 12700F (2.10GHz) 32GB DDR4 1 TB PCIe SSD NVIDIA GeForce RTX 3060 (ITX) Windows 11 Pro 64-bit,"$1,749.00 ",,Sold & Shipped by Newegg,https://www.newegg.com/p/N82E16883151090?Item=N82E16883151090
129,"MSI All-in-One Computer PRO AP241 11M-003US Intel Core i3 10th Gen 10105 (3.70 GHz) 8 GB DDR4 250 GB PCIe SSD 23.8"" Windows 11 Home 64-bit",$699.99 ,5,Sold & Shipped by Newegg,https://www.newegg.com/p/N82E16883152831?Item=N82E16883152831
130,"MSI All-in-One Computer Modern AM242TP 11M-873US Intel Core i7 11th Gen 1165G7 (2.80GHz) 16GB DDR4 512 GB M.2 NVMe SSD 23.8"" Touchscreen Windows 11 Home 64-bit","$1,199.00 ",3,,https://www.newegg.com/p/N82E16883152925?Item=N82E16883152925
131,"Refurbished: Dell Optiplex 7040 Tower, i7-6700 Quad Core upto4.2 Ghz, 1TB SSD, 16GB RAM, 4K UHD 3-Monitor Support, 2x Display Port, HDMI, DVDRW, Windows 10 Pro, WiFi, Keyboard and Mouse Included",$379.99 ,4.4,,https://www.newegg.com/dell-optiplex-7040-business-desktops-workstations/p/1VK-0001-55491?Item=9SIAKWUBBZ0628
132,ABS Gladiator Gaming PC - AMD Ryzen 5 5600G - GeForce RTX 3070 - 16GB (2x8GB) DDR4 3200MHz - 1TB M.2 NVMe SSD,"$1,899.99 –",3,,https://www.newegg.com/abs-ala275/p/N82E16883360240?Item=N82E16883360240
133,"ASUS PN50 Mini PC, AMD Ryzen 5 4500U Upto 4.0GHz, 16GB RAM, 256GB NVMe SSD, HDMI, DisplayPort, Card Reader, Wi-Fi, Bluetooth, Windows 10 Pro",$589.99 ,,,https://www.newegg.com/asus-pn50-business-desktops-workstations/p/1VK-001S-00CG3?Item=9SIAA0SHFY3928
134,"Refurbished: Dell Optiplex 3080 Small Form Factor Desktop, Intel i5 10500 3.1Ghz, 16GB DDR4, 256GB NVMe M.2 SSD, HDMI, DVD-RW, Windows 10 Pro (Grade B)",$454.99 ,,,https://www.newegg.com/dell-optiplex-3080-business-desktops-workstations/p/1VK-0001-69T03?Item=9SIADUMJJN8986
135,ABS Tempest Ruby High Performance Gaming PC – Ryzen 9 7900X – Radeon 7900 XTX - 32GB DDR5 5600MHz - 2TB M.2 NVMe SSD – SR7900X7900XTX,"$2,799.99 –",,,https://www.newegg.com/abs-sr7900x7900xtx-tempest-ruby/p/N82E16883360355?Item=N82E16883360355
136,ABS Stratos Ruby High Performance Gaming PC – Ryzen 5 7600X – Radeon 7900 XT - 16GB DDR5 5600MHz - 1TB M.2 NVMe SSD – SR7600X7900XT,"$2,099.99 –",,,https://www.newegg.com/abs-sr7600x7900xt-stratos-ruby/p/N82E16883360354?Item=N82E16883360354
137,ABS Gladiator Gaming PC – AMD Ryzen 7 7700X - GeForce RTX 3070 - 32GB DDR5 6000MHz –1TB M.2 NVMe SSD,"$1,999.99 –",,,https://www.newegg.com/abs-ala284/p/N82E16883360249?Item=N82E16883360249
138,ASUS ROG MAXIMUS VI EXTREME LGA 1150 Intel Z87 HDMI SATA 6Gb/s USB 3.0 ATX Intel Gaming Motherboard,"$1,392.47 ",3.5,Corn Electronics,https://www.newegg.com/asus-rog-maximus-vi-extreme/p/N82E16813131974
139,ASUS 2T2R Dual Band WiFi Moving Antenna For Rog Strix Z270 Z370 X370 Z390 GAMING,$21.30 ,5,,https://www.newegg.com/p/2S7-07D5-00026
140,Fitbit Versa Smart Watch Black and Black Aluminium One Size S & L Bands Included,$67.61 –,,Active Sale,https://www.newegg.com/p/1JV-002U-001C2
141,Apple Watch Series 7 45mm Green Aluminum Case with Clover Sport Band MKN73LL/A,$385.00 ,,,https://www.newegg.com/apple-mkn73ll-a-smart-watch-series-7-green/p/2T2-0030-005M8
142,B75 LGA 1155 Motherboard Support LGA1155 Processor DDR3 M-ATX for I3/I5/I7 Integrated Graphics Mainboard X7-V124,$106.66 ,,Smith's Computer Market,https://www.newegg.com/p/2S7-07JP-24KK5
143,19.5V 11.8A 230W 7.4x5.0mm Chicony A17-230P1A Power Supply AC Adapter For MSI GL75 GP75 LEOPARD GL65 P65 Laptop Charger,$95.28 ,,Vszerda,https://www.newegg.com/p/2S7-07JP-29885
144,Apple Watch Series 3 GPS w/ 42MM Space Gray Aluminum Case & Black Sport Band,$239.97 ,5,Reliant Cellular,https://www.newegg.com/apple-mtf32ll-a-smart-watch-series-3-space-gray/p/00I-00KY-001P9
145,OnePlus Watch | 4GB Smart Watch | Blood Oxygen | Up to 14 days | 1.39'' AMOLED | GPS | Moonlight Silver,$169.00 –,,,https://www.newegg.com/p/2T2-06CB-00003
146,iFixit Manta Driver Kit. Includes iFixit's Widest Assortment of 112 Steel Bits—Complete With Every Drive Style and Size You'll Need For any Repair. Model IFXIF1453921,$80.00 ,5,,https://www.newegg.com/p/2S7-01PH-00005
147,Apple Watch Series 8 [GPS 45mm] Smart Watch w/ Midnight Aluminum Case with Midnight Sport Band - S/M.,$499.00 ,,NGP_STORE_USA,https://www.newegg.com/p/2T2-0030-00707
148,Printer Print Head For EPSON WF-7610 WF-7620 WF-7621 WF-7111 WF-3640 WF-3620,$23.89 –,,youer_supermarket,https://www.newegg.com/p/2S7-07DZ-00015
149,Tactical Ar Folding Stock Adapter Ar-15/M16 Gen3-M Ar Folding Stock Hunting Accessories Black Ar Folding Stock Adapter,$35.42 –,,,https://www.newegg.com/p/2S7-07JP-1JCR5
150,Fitbit Versa 2 FB507BKBK Fitness Smartwatch with Silicone Band - Black-Carbon - One Size,$157.54 –,,,https://www.newegg.com/p/2T2-0039-00080
151,Mouse Keyboard Converter Adapter for Titan Two Controller for PS4 PRO SLIM/ ONE/XBOX360/PS4/PC/NS Switch,$293.99 ,,Smith's Computer Market,https://www.newegg.com/p/2S7-07JP-15ZD6
152,1PC New USB Receiver Adapter 500HZ for Log.itech G602 Wireless professional Gaming Mouse accessories,$23.65 ,,Super Electronics,https://www.newegg.com/p/2S7-01NT-03UP8
153,COOLING REVOLUTION AB07005HX12BB00 5v 0.40A Tsinghua Tongfang Elite V38 machine fan,$22.09 ,,Vszerda,https://www.newegg.com/p/2S7-07JP-1C902
154,Silverstone HELA 2050 Platinum Cybenetics Platinum Certified 2050W ATX Power Supply,$509.99 ,,Sold & Shipped by Newegg,https://www.newegg.com/p/2S7-05S9-00011
155,"YAMAY Smart Watch for Android Phones Compatible with iPhone Samsung, Watch for Men Women with 1.69"" Screen Alexa Built-in, Blood Oxygen & Heart Rate Monitor Steps Sleep Tracker 5ATM Waterproof Black",$49.99 ,5,YAMAY,https://www.newegg.com/p/2T2-06CM-00046
156,FOR Sennheiser 507214 Genuine HZP 49 Replacement Ear Pads Cushions for PXC550 FOR MB660 Series Headphones Soft Memory Foam,$18.10 ,5,,https://www.newegg.com/p/2S7-07JP-1AXY1
157,Willful Fitness Tracker No Bluetooth Simple No App No Phone Required Waterproof Fitness Watch Pedometer Watch with Step Counter Calories Sleep Tracker for Kids Parents Men Women Blue,$21.99 ,5,,https://www.newegg.com/p/2T2-06CJ-00016
158,iFixit Mako Driver Kit - 64 Precision Bits for Electronics Repair,,,,https://www.newegg.com/p/2S7-01PH-00010
159,DC 5V-36V Dual MOS Control Cycle Trigger Timer Delay Relay Module Switch LED Quiescent Current 20mA Operating Current 50mA,$9.76 ,,,https://www.newegg.com/p/2S7-06CR-0BB35
160,"Amazfit Band 5: 15-Day Battery Life - Fitness Tracker - Blood Oxygen, Heart Rate, Sleep Monitoring - Alexa Built-in - Music Control - Water Resistant, Black",$39.99 ,4.8,Amazfit North America,https://www.newegg.com/p/1JV-00FJ-00045
161,DC 12-24V Japan Nidec 24H Brushless Servo Motor Built-in Drive 100 Line Encoder Pwm Speed Regulation,$17.99 –,,Electronic new century,https://www.newegg.com/p/2S7-07JP-217W6
162,CPU Contact Frame LGA 1700 Bracket for Intel 12th Gen CPU,,,,https://www.newegg.com/p/2S7-08BS-00001
163,"Zepp Z Health and Fitness Smart Watch with Titanium Alloy Crafting, 15 Days Battery Life, Online and Offline Voice Assistants, SpO2 Level Measurement, Heart Rate, Sleep and Stress Monitoring (Brown)",$249.99 –,,Amazfit North America,https://www.newegg.com/p/2T2-00F9-00074
164,"Amazfit GTS Smartwatch, 1.65” AMOLED Display, Slim Metal Body, Smart Notifications, Activity Tracking, 14-Day Battery Life, Water Resistance, Rose Pink",$119.99 ,,,https://www.newegg.com/p/1JV-00FJ-00037
165,Control panel assembly For HP M280 M281 M278 280 281 278 Printer Control Key Board G3Q59-60004 T6B80-60101,$145.41 –,,,https://www.newegg.com/p/2S7-07JP-1EMA5
166,CJWP27 12V water pump self-priming 370 diaphragm pump RF-370CA-12560 12V pump,$16.99 –,,,https://www.newegg.com/p/2S7-07JP-1N737
167,New For HP 15-bs 15-bs1xx 15-bs2xx 15-bs134wm LCD BACK COVER Red With Hinges Set,$48.99 –,,GlobaleParts,https://www.newegg.com/p/2S7-000H-005R2
168,"KEYSTONE Crypto Seed Storage, Cryptosteel Capsule Metal Wallet, Cold Storage Backup, 24 Words Bitcoin Key Phrase Storage, Steel Plate, Compatible with Ledger, Trezor, KeepKey (Keystone Tablet)",$44.00 –,,Keystone,https://www.newegg.com/keystone-tablet/p/2S7-025X-00006
169,3.5 inch IPS USB Mini Screen AIDA64 PC CPU RAM HDD Data Monitor Computer Temperature Display Type-C Sub Screen,$39.99 –,,,https://www.newegg.com/p/2S7-01G1-00074
170,110V Wine Cooler Control Board FX-101B PCB161006F1 For Wine Cooler 10.5V,$38.60 –,,youer_supermarket,https://www.newegg.com/p/2S7-08E2-00021
171,DC 12V Nidec 00H220H022 Micro Brushless Motor Water Pump Diaphragm Dosing Metering Self Priming Water Pump PWM Control,$28.00 ,,GUOZHEN,https://www.newegg.com/p/2S7-07JP-219A3
172,"[ Apple MFi Certified ] Apple Watch Charger, LUOM Magnetic Charging Cable Compatible with Apple Watch/iWatch 38mm 42mm - 3.3 Feet (1.0 Meter)",$9.96 –,,Luom Electronics Store,https://www.newegg.com/p/2T2-00E9-00001
173,"PCB Tray ESD Shelf Storage Turnover Rack, Straight-Type, 25 Slot",$20.99 –,,Unique Bargains,https://www.newegg.com/p/2S7-00ZB-00CH1
174,"YAMAY Smart Watch Compatible iPhone and Android Phones IP68 Waterproof, Watches for Men Women Round Smartwatch Fitness Tracker Heart Rate Monitor Digital Watch with Personalized Watch Faces Black",$45.99 ,5,YAMAY,https://www.newegg.com/p/2T2-06CM-00007
175,Japanese nidec 12-24V Built-in driver 24H brushless servo motor 100 line encoder Pwm speed regulation,$17.99 –,,Electronic new century,https://www.newegg.com/p/2S7-07JP-208T7
176,"SINREGeek Genuine Leather Case Cover Protective Cases Locator Protector Shell For AirTag, 2-Pack Genuine Leather Tracker Holder For Apple AirTag Anti-scratch Anti-lost Shell Locator Tracker",$5.90 –,,,https://www.newegg.com/airtag/p/2S7-079A-00001
177,"FIDO Security Key NFC - Two Factor Authentication USB and NFC Security Key, Fits USB-A Ports and Works with Supported NFC Mobile Devices  FIDO U2F and FIDO2 Certified - More Than a Password",$40.99 –,,Adiven Technology,https://www.newegg.com/p/2S7-08BV-00001
178,SN530 m.2 2230 2242 SSD 1TB NVMe PCIe External Hard Drive for Microsoft Surface Pro X Surface Laptop 3,$151.00 ,,,https://www.newegg.com/p/2S7-07JH-00029
179,SME E68EC050A E68EC050A01 4 Wire Speed Encoder  Sensor For Golf Cart Electric Forklift Pallet Truck,$115.00 –,,Electronic new century,https://www.newegg.com/p/2S7-07JP-1PKH3
180,RDH4010B2 DC24V 0.09A 2 Wires 40x40x10mm Cooling Fan,$24.96 –,,,https://www.newegg.com/p/2S7-07JP-1D772
181,SN530 m.2 2230 SSD 1TB NVMe PCIe for Microsoft Surface Pro X Surface Laptop 3,$197.98 ,,SECDIN LIMITED,https://www.newegg.com/p/2S7-07DZ-00037
182,Atmel JTAGICE mkII JTAG ICE mk2 ATJTAGICE2 AVR AVR32 Debugger Emulator compliant,$179.90 –,,1Panda Tech LTD,https://www.newegg.com/p/2S7-007G-00XK0
183,2TB External Game Hard Drive 100000 Games USB 3.0 HDD Retro Game Console Drive,$89.99 –,,POWERNEWSMK2,https://www.newegg.com/p/2S7-0892-00004
184,Laptop cooling fan For Dell OptiPlex 3020 3040 3046m 3050 7040 9020 D10U KSB0705HB-A BAZC0715R5U PVB070E05N -P02 EF70150SX-C020-S9A 5V CPU Fan,$19.99 –,,SXDOOL Electronics Global,https://www.newegg.com/p/2S7-06P4-00055
185,RAM 32G 2RX4 PC4-3200AA-RB2-12 DDR4 REG ECC Server Memory Bar,$437.83 –,,zhongmaozhilian,https://www.newegg.com/p/2S7-07JP-2BAM6
186,"MPM Cat Window Hammock  - Grey | Space Saving Cat Perch, Resting Shelf Sunny Seat for Indoor Cats, Perfect for Sunbathing, Napping, Overlooking",$24.99 –,,,https://www.newegg.com/monoprice-144324-office-supplies-gadgets/p/2S7-014P-005S5
187,CF Card to SATA Adapter Compact Flash Memory Disk to Serial SATA 2.5 Inch Hard Disk Drive HDD Converter,$17.99 –,,Electronic new century,https://www.newegg.com/p/2S7-07JP-239H2
188,AVAGO 1300nm AFCT-5805DZ single mode 1X9 optical transceiver module,$120.75 –,,Electronic new century,https://www.newegg.com/p/2S7-07JP-2KA49
189,For IBMX225 X345 X226 power supply 39Y7178 49P2167 49P2166 39Y7179,$76.00 –,,itsparepart,https://www.newegg.com/p/2S7-0877-00467
190,TZe 221 Tape PTH110 Tape 9mm 0.35 Inch Laminated White for Label Maker Tape Compatible for Brother P-Press 2-Pack,$19.51 ,,,https://www.newegg.com/p/2S7-07JP-2A1D1
191,HGST 4TB 7.2K 6Gbps 128MB SATA 3.5in HDD HDN726040ALE614 0F26902,$86.99 –,,,https://www.newegg.com/p/2S7-00AG-00055
192,PCB Universal Test Stand PCBA Test Rack Embryo Frame DIY Circuit Board Fixture Testing Jig 180x160MM With 4 Acrylic Board,$342.70 –,,,https://www.newegg.com/p/2S7-07JP-1V7D1
193,14V 1.79A 25W AC/DC Adapter For Samsung A2514_RPN BN44-00989A A2514_FPN LCD Monitor Power Supply Charger,$59.57 –,,Electronic new century,https://www.newegg.com/p/2S7-07JP-294J6
194,Metal Camera Cover With Charging Port for Gopro Max Action Camera Housing Side Cover Case for Gopro Max Accessories,$58.31 ,,Creator,https://www.newegg.com/p/2S7-07JP-0YBZ1
195,for Midea air conditioner computer board circuit board KFR-35W/BP3N1 KFR-35W/BP3N1-(S6E2H1+lKCM15L60).D.13.WP2-1,$163.94 –,,Shengkedianzi,https://www.newegg.com/p/2S7-07JP-1SP96
196,"Willful Fitness Tracker IP68 Swimming Waterproof, Heart Rate Monitor Fitness Watch Sport Digital Watch with Step Counter Sleep Tracker Call SMS SNS Notice, Smart Watch for Men Women Kids Purple",$28.99 ,1,,https://www.newegg.com/sw352-activity-tracker-willful-fitness-tracker-with-color-screen-purple/p/2T2-06CJ-00025
197,Genuine For FOXCONN PVA092J12M-P DC 12V 0.95A 90x90x32mm Server Cooler Fan,$32.64 –,,zhongmaozhilian,https://www.newegg.com/p/2S7-07JP-00KB4
198,"Plugable USB C Power Meter Tester for Monitoring USB-C Connections up to 240W - Digital Multimeter Tester for USB-C Cables, Laptops, Phones and Chargers",$29.95 ,5,Plugable Technologies,https://www.newegg.com/p/2S7-03UX-00014
199,1TB SN530 m.2 2230 2242 SSD NVMe PCIe for Microsoft Surface Pro X Surface Laptop 3,$153.54 –,,,https://www.newegg.com/p/2S7-07J9-00045
200,Laptop Keyboard For Gateway GWTN156-1 GWTN156-1RG GWTN156-4 GWTN156-4BK GWTN156-5 GWTN156-5BL English US NO Frame,$64.40 –,,,https://www.newegg.com/p/2S7-07JP-29U87
201,B3Q10-60139 Control Panel Assembly for HP M277 M274 M280 M281 M426 M427 M426fdn M426fdw 277 274 280 281 426 427,$84.29 –,,,https://www.newegg.com/p/2S7-01YW-01XC9
202,24V/36V Single/Dual Drive Brushless Hub Motor Electric Skateboard Controller ESC Remote Skateboard Motor Drive Control,$24.93 –,,zhongmaozhilian,https://www.newegg.com/p/2S7-07JP-20CH8
203,"PLANTRONICS 211201-01 Savi 8240 UC, S8240-M C, D200 USB-A, CONVERTIBLE, MOC, DECT 6.0,NA",$201.99 ,,,https://www.newegg.com/p/2S7-003G-000Y1
204,"Pa-0202 250V Nema 6-20P Male To 6-15R/20R Female Adapter,20 A To 15A T-Blade Adapter Converter Us Plug",$2.69 –,,,https://www.newegg.com/p/2S7-01KR-028Y7
205,Well Tested Cooler PFB1224UHEC8X 12038 24V 2.40A 2 Wires Large Air Volume Inverter Cooling Fan,$53.82 –,,,https://www.newegg.com/p/2S7-07JP-2MWW0
206,SERVER CPU Cooling Fan For HP DL380 G10 875076-001  875788-001  877047-001,$35.19 –,,Electronic new century,https://www.newegg.com/p/2S7-07JP-2HCS0
207,AXIS COMMUNICATION INC 5506-951 T91G61 WALL MOUNT,$223.07 ,,TELeasy,https://www.newegg.com/p/2TJ-004K-00013
208,Logitech Driving Force Shifter For G29 G920 G923 Xbox X S PC PS4 PS5 941-000119,$79.95 –,,BetechParts,https://www.newegg.com/p/2S7-00RS-00111
209,Sleep Sound Machine SP1,$31.57 –,,VirVentures,https://www.newegg.com/p/2S7-07KA-00005
210,"3D Hologram LED Fan Display,56cm Four Blades, WIFI APP Control Holographic Fan for Advertising Program",$199.00 –,4,Voicesmartlab,https://www.newegg.com/p/2S7-06Y4-00002
211,Tested Cooling Fan for HP Proliant DL360p DL360 G8 Gen8 Server Cooler Fan 654752-001 667882-001 696154-001,$21.73 ,,Creator,https://www.newegg.com/p/2S7-07JP-1VBT5
212,5pcs/set original Made in Japan Honeywell MICRO UX10C red dot mouse micro switch 10 million times lifetime,$16.49 ,,SXDOOL Electronics Global,https://www.newegg.com/p/2S7-01NT-03TN7
213,Audiocodes MP-112 FXS 2-Ports Analog VoIP Gateway MP112/2S/SIP/CER,$197.00 –,,,https://www.newegg.com/p/2S7-06VK-00005
214,Intel Xeon X5687 Processor 3.6GHz 12MB Quad Core 6.4GT/s LGA 1366 SLBVY CPU,$36.50 –,,Electronic new century,https://www.newegg.com/p/2S7-07JP-27UK9
215,Universal Garage Door Remote Control Keychain 433MHZ Opener Cloning ABCD 4 key Auto Car Rolling Code Gate Controller Duplicator,$13.99 –,,zhongmaozhilian,https://www.newegg.com/p/2S7-07JP-09BM1
216,Touch Pen For Motorola TC70 TC75 PDA Replacement Part,$35.67 –,,zhongmaozhilian,https://www.newegg.com/p/2S7-07JP-1GNU2
217,SONY Z280 EX280 XQD To SXS Card Sleeve Card Tray Adapter QDA-EX1 4K Memory Card,$194.35 –,,,https://www.newegg.com/p/2S7-07JP-21J67
218,Letsfit True Wireless Earbuds T20,$26.59 –,,,https://www.newegg.com/p/2S7-07KA-00018
219,DC 12V 2 CH Signal Wireless RF Remote Control Receiver Relay Switch 433mhz,$24.55 –,5,zhongmaozhilian,https://www.newegg.com/p/2S7-07JP-1P3T7
220,Full Head Skull Latex Mask Skeleton Horrible Halloween Cosplay Masquerade Mask with Black Hat,$30.50 –,,,https://www.newegg.com/p/2S7-07DZ-000J2
221,T99W175 DW5930e-eSIM X55 5G Module DP/N 0K1YCW for dell laptop Latitude 5430 7330,$270.00 ,,,https://www.newegg.com/p/2S7-07JP-25MM9
222,"Upgraded Protective Case for Steam Deck with Screen Protector, Soft TPU Protector Cover Accessories Kit with Anti-Collision and Easy Installation Design",$23.99 ,,,https://www.newegg.com/p/2S7-088W-00005
223,600Mbps Intel 3168NGW Dual Band 2.4G/5Ghz Wireless Desktop Kit Bluetooth-com 4.2 802.11AC M.2 Wifi Card Antenna Set,$21.94 –,,Electronic new century,https://www.newegg.com/p/2S7-07JP-1NJE3
224,1pc RJ50 Male to 11 Pin Spring Terminal Adapter Connector RJ50 Splitter for CCTV DVR CCTV Accessory,$21.34 ,,Vszerda,https://www.newegg.com/p/2S7-07JP-0C1J4
225,19.5V 16.92A 330W TPC-DA60 ADP-330BB BF M34531-003 Power Supply AC Adapter For HP OMEN 6PRO 7PLUS Gaming Laptop Charger,$375.09 ,,,https://www.newegg.com/p/2S7-07JP-298P6
226,For Dell 3046 7040 3050 5040 VGA interface cable FP9X3 3040 5050 7050,$28.99 –,,,https://www.newegg.com/p/2S7-06P4-000C3
227,70W 12V DC Thermostatic Electric Heater PTC Fan Heater Incubator Heater Heating Elements Small Space Heating,$36.00 –,,Electronic new century,https://www.newegg.com/p/2S7-07JP-1SCX1
228,Sipeed Longan Nano RISC-V GD32VF103CBT6 MCU Development Board,$35.65 –,,Electronic new century,https://www.newegg.com/p/2S7-07JP-1MT41
229,Chenyang DSUB D-SUB RS232 9Pin Male to Female Down Right Angled 90 Degree Extension Adapter For Display Projector Computer,$17.19 ,,,https://www.newegg.com/p/2S7-07JP-23M60
230,"4 channel 5v relay shield module, Four channel relay control board relay expansion board for arduino UNO R3 mega 2560",$14.98 ,,Vszerda,https://www.newegg.com/p/2S7-07JP-1R5H6
231,"Nekteck 100W USB C Charger [GaN Tech & USB-IF Certified], PD 3.0 Adapter with Foldable Plug, Fast Wall Charger Compatible with MacBook Air/Pro, iPad Air/Pro, iPhone and More (Not Support MagSafe 3)",$40.99 –,,Nekteck,https://www.newegg.com/p/2S7-03CN-00019
232,Apple Watch SE 40mm Gold Aluminum Case with Starlight Sport Band GPS MKQ03LL/A,$240.00 ,,DemProductSales,https://www.newegg.com/p/2T2-0030-005N6
233,"Cricut Maker 3 - DIY Machine Compatible with Matless Cutting Cricut Smart Materials | Professional Level Vinyl, HTV Iron On, and Leather Projects | Easily Make Custom Halloween Decorations",$369.90 ,,IPC Store,https://www.newegg.com/p/2S7-07HX-00002
234,"LG HBS-FN4 TONE Free Wireless In-Ear Stereo Earbuds, White",$96.99 ,,,https://www.newegg.com/p/0TH-04TA-00006?Item=0TH-04TA-00006
235,AUKEY Wireless Earbuds with aptX Deep Bass Sound 4 Microphones CVC 8.0 Noise Reduction Bluetooth 5.0 IPX7 Waterproof Type C Quick Charging Case Earphones for iPhone and Android Black EP-T27,$14.99 ,4.2,Sold & Shipped by Newegg,https://www.newegg.com/aukey-ep-t27-bluetooth-headset-black/p/0G6-00YS-00023?Item=0G6-00YS-00023
236,Shure SE535 Pro In-Ear Sound Isolating Triple Driver Earphones - Clear,$449.00 –,,,https://www.newegg.com/clear-shure-se535-monitor-headphone/p/0TH-0009-00006?Item=0TH-0009-00006
237,Open Box: Cleer Audio FLOW II Wireless Bluetooth Noise Cancelling Headphone with Google Assistant - Gunmetal,$174.99 –,,Sold & Shipped by Newegg,https://www.newegg.com/cleer-flow2ntmtlus-noise-cancelling/p/12K-02UJ-00008R?Item=12K-02UJ-00008R
238,Beyerdynamic DT 1990 Pro Tesla Studio Reference Over Ear Open-Back Headphones,$469.00 ,4.7,,https://www.newegg.com/black-beyerdynamic-710490-over-the-ear/p/0TH-00JD-000R7?Item=9SIABMT8X72408
239,Beyerdynamic MMX 300 2nd Generation Premium Closed-Back Gaming Headset,$229.00 ,4.6,,https://www.newegg.com/beyerdynamic-mmx-300-black/p/N82E16826380034?Item=N82E16826380034
240,Beyerdynamic TYGR 300 R Headphones,$169.00 ,,,https://www.newegg.com/p/0TH-00JD-002Z9?Item=0TH-00JD-002Z9
241,Samsung - Galaxy Buds Pro True Wireless Earbud Headphones - Phantom Silver,$199.99 ,4.7,,https://www.newegg.com/samsung-sm-r190nzsaxar-earbud-silver/p/0TH-005K-003M4?Item=0TH-005K-003M4
242,Beyerdynamic DT 880 Pro 250 Ohm Hi-Fi Semi-Open Back Headphones,$184.00 ,4.7,,https://www.newegg.com/beyerdynamic-490970-silver-black/p/0TH-00JD-00076?Item=0TH-00JD-00076
243,Samsung Galaxy Buds Live True Wireless Earbuds Headphones - Mystic White,$99.99 ,4.6,,https://www.newegg.com/samsung-sm-r180nzwaxar-wireless-white/p/0TH-005K-003D5?Item=0TH-005K-003D5
244,JBL FREEXBLK Free X Wireless In-Ear Headphones - Black,$86.99 –,2,,https://www.newegg.com/black-jbl-freexblkbt-in-ear/p/12K-00CS-000F2?Item=12K-00CS-000F2
245,Sony WF-LS900N-BLACK LinkBuds S Truly Wireless Noise Canceling Earbuds - Black,$142.00 ,,,https://www.newegg.com/sony-linkbuds-s-wireless-black/p/0TH-000U-00HN5?Item=0TH-000U-00HN5
246,Sony WF-LS900N-WHITE LinkBuds S Truly Wireless Noise Canceling Earbuds - White,$142.00 ,,,https://www.newegg.com/sony-wfls900n-w-wireless-white/p/0TH-000U-00HN6?Item=0TH-000U-00HN6
247,Beyerdynamic DT 770 Pro 32 Ohm Studio Reference Closed-Back Headphones,$129.00 ,4.7,Sold & Shipped by Newegg,https://www.newegg.com/beyerdynamic-483664/p/0TH-00JD-001T7?Item=0TH-00JD-001T7
248,Open Box: Logitech Graphite 981-001012 Zone Wired Earbuds - Graphite,$89.00 –,,Sold & Shipped by Newegg,https://www.newegg.com/logitech-981-001012-headphone-graphite/p/N82E16826197524R?Item=N82E16826197524R
249,Open Box: Beyerdynamic Custom Game Interactive Gaming Headset,$90.00 –,,,https://www.newegg.com/p/N82E16826380033R?Item=N82E16826380033R
250,Refurbished: Sony LinkBuds S Truly Wireless Noise Canceling Earbud Headphones - WFLS900N/C,$128.00 –,,,https://www.newegg.com/p/0TH-000U-00J81?Item=9SIA15TJJF0824
251,"Refurbished: Soundcore by Anker Liberty 3 Pro Noise Cancelling Earbuds, True Wireless Earbuds with ACAA 2.0, HearID ANC, Fusion Comfort, Hi-Res Audio Wireless, 6 Mics for Calls, 32H Playtime (Renewed)",$93.99 –,3,Anker Official Store,https://www.newegg.com/soundcore-liberty-3-pro-headphone-black/p/0TH-06BS-00088?Item=9SIACCUJFA6223
252,Sony WH-1000XM4 Wireless Noise-Cancelling Over-Ear Headphones (Black),$348.00 ,4.4,Focus Camera,https://www.newegg.com/sony-wh1000xm4b-bluetooth-headset-black/p/0G6-001C-00614?Item=9SIA29PCJG6174
253,Samsung Galaxy Buds2 True Wireless Earbud Headphones - Graphite,$109.99 ,,Sold & Shipped by Newegg,https://www.newegg.com/samsung-sm-r177nlvaxar-wireless-graphite/p/0TH-005K-00421?Item=0TH-005K-00421
254,Beyerdynamic Amiron Home High-end Tesla Over-Ear Stereo Open-Back Headphones,$399.00 ,4.3,,https://www.newegg.com/black-beyerdynamic-717525-earbud/p/N82E16826380026?Item=N82E16826380026
255,Beyerdynamic DT 900 Pro X Studio Mixing and Mastering Open-Back Headphones,$249.00 ,4.7,Sold & Shipped by Newegg,https://www.newegg.com/beyerdynamic-dt-900-pro-x/p/N82E16826380048?Item=N82E16826380048
256,Jabra Elite 7 Pro True Wireless Noise Canceling In-Ear Headphones - Titanium Black 100-99172001-02,$99.99 ,,Jabra Online Store,https://www.newegg.com/p/0TH-00BT-00479?Item=9SIAFWTHR37854
257,"True Wireless Earbuds, Active Noise-Canceling in-Ear Headphones with Transparency Mode, Hi-Fi Stereo Sound, Touch Control, Bluetooth 5, and USB-C Fast Charging for Travel and Work",$19.99 –,3,,https://www.newegg.com/p/30B-00FX-00047?Item=30B-00FX-00047
258,Beyerdynamic DT 700 Pro X Studio Closed-Back Headphones,$249.00 ,4.7,Sold & Shipped by Newegg,https://www.newegg.com/beyerdynamic-dt-700-pro-x/p/N82E16826380047?Item=N82E16826380047
259,Bose Noise Cancelling 700 Headphones - Triple Black,$379.00 –,4.7,Sold & Shipped by Newegg,https://www.newegg.com/black-bose-794297-0100-noise-cancelling/p/N82E16826627089?Item=N82E16826627089
260,AUKEY True Wireless Stereo Earbuds Bluetooth 5 Headphones with Wireless and USB C Charging Case In-Ear 30H Playtime IPX5 Water Resistance Low Latency Earphones for iPhone Android Black EP-T31,$15.99 ,4.2,Sold & Shipped by Newegg,https://www.newegg.com/aukey-ep-t31-bluetooth-headset-black/p/0G6-00YS-00024?Item=0G6-00YS-00024
261,EARBUD AUKEY|EP-T21P R,$9.99 –,4.2,,https://www.newegg.com/p/N82E16826841002?Item=N82E16826841002
262,Shure SRH1540 Premium Closed-Back Headphones - Black,$499.00 –,5,Sold & Shipped by Newegg,https://www.newegg.com/shure-srh1540-bk-over-the-ear-black/p/N82E16826232024?Item=N82E16826232024
263,Refurbished: Sony LinkBuds Truly Wireless Earbuds - WFL900/W,$79.99 ,,,https://www.newegg.com/p/0TH-000U-00HH9?Item=9SIA15TJ305460
264,Shure SRH1840 Premium Open-Back Headphones - Black,$499.00 ,5,,https://www.newegg.com/shure-srh1840-bk-over-the-ear-black/p/N82E16826232025?Item=N82E16826232025
265,Beyerdynamic DT 240 Pro Closed Studio Headphone,$69.00 ,4,,https://www.newegg.com/beyerdynamic-dt-240-pro-over-the-ear-black/p/N82E16826380036?Item=N82E16826380036
266,Beyerdynamic DT 1770 Pro Tesla Studio Reference Over Ear Closed-Back Headphones,$469.00 ,4.7,,https://www.newegg.com/black-beyerdynamic-710717-headphones-and-accessories/p/0TH-00JD-000G4?Item=0TH-00JD-000G4
267,"True Wireless Earbuds with QI Wireless Rechargeable Case (BK, GY, WH)",$14.99 –,3.5,Sold & Shipped by Newegg,https://www.newegg.com/p/30B-00FX-00014?Item=30B-00FX-00014
268,Fuji Labs Sonique SQ306 Premium Beryllium  In-Ear Headphones with In-line Mic,$32.99 ,3.6,Sold & Shipped by Newegg,https://www.newegg.com/black-fuji-labs-aufj-sqwbs306bk-in-ear/p/N82E16826556055?Item=N82E16826556055
269,"BeyerDynamic Free BYRD True Wireless Bluetooth In-Ear Headphones with ANC, Black",$249.00 ,,,https://www.newegg.com/beyerdynamic-free-byrd-in-ear-black/p/N82E16826380053?Item=N82E16826380053
270,Beyerdynamic DT 770 Pro 80 Ohm Studio Reference Closed-Back Headphones,$139.00 ,4.7,Sold & Shipped by Newegg,https://www.newegg.com/grey-beyerdynamic-dt-770-pro-over-the-ear/p/0TH-00JD-000K8?Item=0TH-00JD-000K8
271,Refurbished: Soundcore Life Dot 2 XR True Wireless Earbuds Noise Cancelling In-Ear Headphones,$44.99 –,,,https://www.newegg.com/anker-life-dot-2-xr-earbud/p/0TH-06BS-00084?Item=9SIACCUJF01639
272,"Refurbished: Anker Soundcore Life Q20 Hybrid Active Noise Cancelling Headphones, Wireless Over Ear Bluetooth Headphones with 40H Playtime, Hi-Res Audio, Deep Bass, Memory Foam Ear Cups and Headband (Renewed)",$44.99 –,,,https://www.newegg.com/soundcore-life-q20-headset-black/p/0TH-06BS-00080?Item=9SIACCUJEZ6225
273,Samsung Galaxy Buds2 True Wireless Earbud Headphones - Lavender,$109.99 ,,,https://www.newegg.com/samsung-sm-r177nzgaxar-wireless-lavendar/p/N82E16826190081?Item=N82E16826190081
274,Shure AONIC 215 True Wireless Gen 2 Earphones - Blue,$229.00 –,4,Sold & Shipped by Newegg,https://www.newegg.com/p/N82E16826232048?Item=N82E16826232048
275,"Soundcore by Anker Life Q35 Multi Mode Active Noise Cancelling Headphones, Bluetooth Headphones with LDAC for Hi Res Wireless Audio, 40H Playtime, Comfortable Fit, Clear Calls, for Home, Work, Travel",$109.99 –,4.5,Anker Official Store,https://www.newegg.com/soundcore-life-q35-over-the-ear/p/0TH-06BS-00028?Item=9SIACCUED26190
276,Shure SE425 Pro In-Ear Sound Isolating Dual Driver Earphones - Clear,$239.00 ,5,Sold & Shipped by Newegg,https://www.newegg.com/clear-shure-se425-monitor-headphone/p/0TH-0009-00005?Item=0TH-0009-00005
277,Samsung Galaxy Buds2 True Wireless Earbud Headphones - Olive,$109.99 ,,,https://www.newegg.com/samsung-sm-r177nzgaxar-wireless-olive/p/N82E16826190080?Item=N82E16826190080
278,Samsung Galaxy Buds Live True Wireless Earbuds Headphones - Mystic Red,$99.99 –,4.6,,https://www.newegg.com/samsung-sm-r180nzraxar-wireless-red/p/0TH-005K-003Y4?Item=0TH-005K-003Y4
279,Beyerdynamic DT 990 Pro 250 Ohm Studio Mixing and Mastering Open-Back Headphones,$129.00 ,4.7,,https://www.newegg.com/black-beyerdynamic-dt-990-other/p/0TF-00D2-00003?Item=0TF-00D2-00003
280,Sony WF-1000XM4-BLACK Truly Wireless Noise Canceling In-Ear Earbuds,$179.99 ,4.2,,https://www.newegg.com/p/0TH-000U-00GW5?Item=0TH-000U-00GW5
281,"Rosewill Wireless Earbuds with Fast Charging Case, Bluetooth Headphones with built-in Microphone, LED Battery Indicator, 4 Hours of Continuous Playtime - RW-T52",$14.99 ,3.5,,https://www.newegg.com/rosewill-rw-t52a-true-wireless-in-ear/p/N82E16826193144?Item=N82E16826193144
282,AUKEY True Wireless Earbuds Hi-Fi Stereo Bluetooth 5 Headphones 25-Hour Playtime One-Step Pairing IPX5 Waterproof Earphones with USB-C Quick Charging Case for iPhone and Android Black EP-T25,$9.99 ,4.2,,https://www.newegg.com/aukey-ep-t25-bluetooth-headset-black/p/0G6-00YS-00020?Item=0G6-00YS-00020
283,LG TONE Free Wireless Charge FN5W Wireless Earbuds w/ Meridian Audio - Black,$90.99 ,4.3,,https://www.newegg.com/lg-hbs-fn5w-wireless-black/p/2BG-0013-000F6?Item=2BG-0013-000F6
284,Beyerdynamic Creator 24 Bundle - Bundle includes Beyerdynamic DT 240 PRO Headphones and FOX Professional USB Studio Microphone,$199.00 –,4.3,,https://www.newegg.com/beyerdynamic-733113/p/N82E16826380043?Item=N82E16826380043
285,Bose QuietComfort 45 Headphones - Triple Black,$249.00 ,5,,https://www.newegg.com/bose-866724-0100-wireless-black/p/N82E16826627127?Item=N82E16826627127
286,xDuoo Accessory XD-05 Poke Hot Pocket Full Featured Portable DAC and AMP Black,$132.99 ,5,,https://www.newegg.com/xduoo-xd-05/p/3C6-008H-00009?Item=3C6-008H-00009
287,Beyerdynamic Blue BYRD 2nd Generation in-ear Headset with Sound Personalization,$69.00 ,,,https://www.newegg.com/beyerdynamic-717649-wireless/p/N82E16826380049?Item=N82E16826380049
288,DreamGear  DG-DGHP-5628  BT-2700 RED ISound Bluetooth Headphones,$20.99 ,,,https://www.newegg.com/dreamgear-dg-dghp-5628-wireless-red/p/0TH-002U-000D8?Item=0TH-002U-000D8
289,Bose QuietComfort Noise Cancelling Earbuds - Triple Black,$199.00 –,5,,https://www.newegg.com/bose-831262-0010-triple-black/p/N82E16826627109?Item=N82E16826627109
290,"Refurbished: Anker Soundcore Liberty Air 2 Wireless Earbuds, Diamond-Inspired Drivers, Bluetooth Earphones, 4 Mics, Noise Reduction, 28H Playtime, HearID, Bluetooth 5, Wireless Charging, For Calls, Home",$38.99 –,4,Anker Official Store,https://www.newegg.com/soundcore-liberty-air-2-wireless/p/0TH-033Y-000F6?Item=9SIACCUCB38600
291,Samsung Galaxy Buds Live True Wireless Earbuds Headphones - Mystic Black,$99.99 ,4.6,,https://www.newegg.com/samsung-sm-r180nzkaxar-wireless-black/p/0G6-000D-006X5?Item=0G6-000D-006X5
292,Audio-Technica ATH-M50xBT2 Wireless Over-Ear Headphones,$199.00 ,5,,https://www.newegg.com/audio-technica-athm50xbt2-headphone-black/p/1VH-003V-000U2?Item=1VH-003V-000U2
293,FiiO Black FII-F1 3.5mm Connector F1 Dynamic In-Ear Monitors with Mic,$21.99 ,,Sold & Shipped by Newegg,https://www.newegg.com/black-fiio-fii-f1-in-ear/p/N82E16826077002?Item=N82E16826077002
294,"Refurbished: Anker Soundcore Life Note True Wireless Earbuds with 4 Mics, 40H Playtime, CVC 8.0 Noise Reduction, Graphene Driver, Clear Sound, USB C, Wireless Earphones for Work, Home Office",$19.99 –,3,,https://www.newegg.com/soundcore-life-note-wireless/p/0TH-033Y-000F5?Item=9SIACCUCB36511
295,Shure SE215 Pro Professional Sound Isolating™ Earphones - Clear,$99.00 –,4.3,Sold & Shipped by Newegg,https://www.newegg.com/clear-shure-se215-earphone/p/02D-004I-000E3?Item=02D-004I-000E3
296,"TREBLAB Z2, Over Ear Workout Headphones with Microphone, Bluetooth 5.0, Active Noise Cancelling (ANC), Up to 35H Battery Life, Wireless Headphones for Sport, Workout, Running, Gym (Black)",$89.97 ,4,,https://www.newegg.com/treblab-z2-bluetooth-headset-black/p/0G6-01V5-00020?Item=0G6-01V5-00020
297,Ausounds AUSANC102 AU-Stream ANC True Wireless Noise Cancelling Earphones - Black,$80.99 –,2.3,,https://www.newegg.com/ausounds-ausanc102-in-ear/p/N82E16826392001?Item=N82E16826392001
298,Bose QuietComfort 45 Headphones - White Smoke,$249.00 ,5,,https://www.newegg.com/bose-866724-0200-wireless-white/p/N82E16826627126?Item=N82E16826627126
299,"TREBLAB Z2, Over Ear Workout Headphones with Microphone, Bluetooth 5.0, Active Noise Cancelling (ANC), Up to 35H Battery Life, Wireless Headphones for Sport, Workout, Running, Gym (Black)",$89.97 ,4,,https://www.newegg.com/treblab-z2-bluetooth-headset-black-black/p/0G6-01V5-00091?Item=0G6-01V5-00091
300,Refurbished: Jabra Elite 85t Black Manufacturer,$74.99 –,1.5,,https://www.newegg.com/p/0TH-04CN-00125?Item=9SIAFWTGJ93629
301,Aluratek Black ABH04FB Bluetooth Wireless Stereo Headphones,$32.99 ,4.2,,https://www.newegg.com/black-aluratek-abh04fb-stereo-dj/p/N82E16826334007?Item=N82E16826334007
